Comp_name,Comp_Description,Comp_Created_Date
Booleans,Yay or Nay on Booleans,12/18/2021
Data Types,How many Data Types are there?,9/4/2022
Variables,It Varies in Variables,10/30/2022
Funtions,How to Fun with Functions,12/17/2021
Conditionals,Are conditions met with Conditionals?,10/9/2022
Loops,Give me the Loops,4/20/2022
Data Structures,Build it right with Data Structures,4/29/2022
Lists,Lists are Lists ,4/23/2022
Dictionaries,Not your average Dictionaries,1/11/2022
Working with Files,They don't love working with you,1/13/2022
Exception Handling,Make no Exception,2/9/2022
Quality Assurance,Assure the Quality of your code,10/30/2022
Object-Oriented Programming,Who's down with OOP?,12/30/2021
Recursion,Lets learn together about Recursion,9/10/2022
Databases,What makes the world go 'round,2/28/2022